{
  "lgn_m1_sd": {
    "rmse_mean": 0.004574040445070785,
    "rmse_std": 0.00015367275725532676,
    "nrmse_mean": 0.037228951930990475,
    "nrmse_std": 0.0012507706833083743,
    "n_params": 153
  },
  "lgn_m2_sd": {
    "rmse_mean": 0.004668899216012076,
    "rmse_std": 9.048272309452174e-05,
    "nrmse_mean": 0.038001024820597716,
    "nrmse_std": 0.000736455435653442,
    "n_params": 153
  }
}