{
  "lgn_m2": {
    "rmse_mean": 36705434.34554235,
    "rmse_std": 51891089.60510796,
    "nrmse_mean": 298752244.5755183,
    "nrmse_std": 422351070.60865074,
    "n_params": 204
  },
  "lgn_m1": {
    "rmse_mean": 3125807.8619125024,
    "rmse_std": 4404885.094263059,
    "nrmse_mean": 25441521.98464779,
    "nrmse_std": 35852165.55728209,
    "n_params": 204
  },
  "node_rff": {
    "rmse_mean": 0.7112930966763052,
    "rmse_std": 0.04646194805259275,
    "nrmse_mean": 5.789344628990183,
    "nrmse_std": 0.3781622943728749,
    "n_params": 7682
  },
  "node_small": {
    "rmse_mean": 0.8954925506810566,
    "rmse_std": 0.15868234143995702,
    "nrmse_mean": 7.288577680299583,
    "nrmse_std": 1.2915446043602856,
    "n_params": 222
  },
  "node_raw": {
    "rmse_mean": 0.06800920843685225,
    "rmse_std": 0.0056269773470670635,
    "nrmse_mean": 0.5535393882290722,
    "nrmse_std": 0.04579899795726123,
    "n_params": 4546
  },
  "linear_id": {
    "rmse_mean": 0.013044410811363849,
    "rmse_std": 0.0,
    "nrmse_mean": 0.1061708457765023,
    "nrmse_std": 0.0,
    "n_params": 4
  }
}