{
  "node_rff": {
    "rmse_mean": 0.7112930966763052,
    "rmse_std": 0.04646194805259275,
    "nrmse_mean": 5.789344628990183,
    "nrmse_std": 0.3781622943728749,
    "n_params": 7682
  },
  "node_small": {
    "rmse_mean": 0.8954925506810566,
    "rmse_std": 0.15868234143995702,
    "nrmse_mean": 7.288577680299583,
    "nrmse_std": 1.2915446043602856,
    "n_params": 222
  },
  "node_raw": {
    "rmse_mean": 0.06800920843685225,
    "rmse_std": 0.0056269773470670635,
    "nrmse_mean": 0.5535393882290722,
    "nrmse_std": 0.04579899795726123,
    "n_params": 4546
  },
  "linear_id": {
    "rmse_mean": 0.013044410811363849,
    "rmse_std": 0.0,
    "nrmse_mean": 0.1061708457765023,
    "nrmse_std": 0.0,
    "n_params": 4
  }
}